{"cameraMode":{"drawMode":0,"name":"Shaded","section":"Shading Mode"},"sceneLighting":true,"audioPlay":false,"sceneViewState":{"showFog":true,"showMaterialUpdate":true,"showSkybox":true,"showFlares":true,"showImageEffects":true,"showParticleSystems":true},"in2DMode":false,"pivot":{"x":-2.1550917625427248,"y":0.8977258205413818,"z":-0.21164405345916749},"rotation":{"x":0.11162162572145462,"y":-0.8015959858894348,"z":0.15839777886867524,"w":0.5656917095184326},"size":5.899312973022461,"orthographic":false}